{
  "remedyName" : "Ampelopsis",
  "remedyAlternativeNames" : "",
  "categories" : {
    "Clinical" : [ "Cholera. Dropsy. Hoarseness. Hydrocele." ],
    "Characteristics" : [ "Our pathogenetic knowledge of Ampelopsis is due to observations on two children poisoned by chewing the leaves. They were quickly seized with violent vomiting and purging, with considerable tenesmus; then collapse, sweating, and faint pulse; then deep sleep for two hours, from which they were aroused by return of vomiting and purging. There was dilatation of pupil for hours after commencement of attack." ],
    "Relations" : [ "Compare: Vitex agnus castus (botan.); Aethus. cyn." ]
  }
}