{
  "remedyName" : "Amygdalae Amarae Aqua",
  "remedyAlternativeNames" : "",
  "categories" : {
    "Clinical" : [ "Asthma. Coma. Diphtheria. Epilepsy. Headache. Syncope. Tetanus. Urticaria." ],
    "Characteristics" : [ "The symptoms of Amygdala are not very distinguishable from those of Hydrocyanic acid, but these may be taken as indicating its use: An excessively brilliant appearance of the eyes without corresponding mental expression. Heaviness in forehead (also Lauro.). Dulness of l. half of the head (Hydro. ac., right). Head drawn backward. Eyes drawn to left side. Burning heat in laringo-pharyngeal region. Lancinating pains through tonsils (Farrington). Palate end fauces dark reel. Swallowing impossible. Vomiting of undigested food and bile. Convulsive and at intervals very short respiration, with fear of suffocation.", "Jerking, hesitating speech: \"What's", "the mat", "matter with me?\" Cough with soreness of chest extending down to stomach. Stitches under left nipple, going deep in, making exhalations more difficult. Opisthotonos. Snoring. Surface cold, clammy, pallid or blue. Urticaria." ],
    "Relations" : [ "Compare: The Prunae and Pomae of the Rosaceae; Laurocerasus, Ac. hydrocy., Opi. (spasms, stertor, slow pulse, stupor), Stram., Tabac., Ant. t., Lach., Naja (heart). Antidoted by: Opi. (convulsions); strong coffee; cold water poured over head." ]
  }
}