{
  "remedyName" : "Anacardium Occidentale",
  "remedyAlternativeNames" : "",
  "categories" : {
    "Clinical" : [ "Corns. Erysipelas. Imbecility. Itching. Paralysis. Rhus poisoning. Ringworm. Small-pox. Warts." ],
    "Characteristics" : [ "The effects of the Cashew nut are known through instances of poisoning. It acts powerfully on the skin, causing erysipelas, blisters, and swelling, and has been used as an antidote to Rhus poisoning. The juice has been used locally as an applications to corns, warts, hard excrescences, ringworms, and obstinate ulcers. It causes weakness of memory and mind like A. orient. General paralytic state. Tongue painfully swollen. Vesicular eruption, on face especially. Itching almost intolerable; umbilicated vesicles as in small-pox. The erysipelas spreads from left to right, and it cures erysipelas spreading from right to left; Rhus t. cures cases spreading left to right." ],
    "Relations" : [ "Compare: Anac. orient., Rhus, Canth., Mez., Crot. t. Antidoted by: Rhus, Iodine locally." ]
  }
}