{
  "remedyName" : "Antimonium Iodatum",
  "remedyAlternativeNames" : "",
  "categories" : {
    "Clinical" : [ "Asthma. Bronchitis. Pneumonia. Uterus, hyperplasia of." ],
    "Characteristics" : [ "Recommended by Hale in cases of uterine hyperplasia; also in cases of humid asthma, bronchitis (subacute and chronic, with or without asthma), and other pulmonary affections. The particular indications are: \"Frequent spells of coughing with expectoration of frothy, white, or thick yellowish mucus; loss of appetite and strength; moderate febrile action; coated tongue; yellowish discoloration of skin and conjunctivae.\"" ]
  }
}