{
  "remedyName" : "Brassica Napus",
  "remedyAlternativeNames" : "",
  "categories" : {
    "Clinical" : [ "Bulimia. Dropsy. Gangrene. Nails, shedding of. Scurvy. Ulcers." ],
    "Characteristics" : [ "Our knowledge of the pathogenetic effects of Brassica napus is derived from the experience of the Irish famine, during which the people ate it freely. Dropsical swellings, scorbutic mouth, voracious appetite, tympanitic abdomen, blotches like burns, dropping off of nails, and gangrene. All the symptoms of impoverished blood appear, such as growth of downy, colourless hair." ],
    "Relations" : [ "Compare: Raphanus, Armoracea, Sinapis, Secale." ],
    "Head" : [ "Very distressing frontal headache and tension." ],
    "Face" : [ "Swollen to an enormous extent, the distended state of eyelids and upper lip producing great deformity.", "Burn-like blotches on nose and forehead (also hands and feet), varying from discoloration to ulceration." ],
    "Mouth and Throat" : [ "Mucous membrane of mouth and throat inflamed, ulcerated in parts, gums spongy." ],
    "Stomach" : [ "Appetite increased, sometimes voracious." ],
    "Abdomen" : [ "Abdomen tympanitic." ],
    "Stool" : [ "Bowels torpid." ],
    "Urinary Organs" : [ "Urine deficient and irritating." ],
    "Limbs" : [ "Hands and feet dry and shrunken, with blotches of a deep red, like burns, on backs of hands and dorsa of feet, the fingers and toes being frequently cold and livid; ulceration; loss of nails." ],
    "Skin" : [ "Sallow and muddy-looking; covered with downy hair.", "General oedema.", "Blotches, deep red, like burns, on backs of hands and feet and nose and forehead, varying from simple discoloration to most troublesome ulceration, causing destruction of cuticle and dropping off of nails, with a marked disposition in the aggravated cases to gangrene." ]
  }
}