{
  "remedyName" : "Brucinum",
  "remedyAlternativeNames" : "",
  "categories" : {
    "Clinical" : [ "Headache. Paralysis." ],
    "Characteristics" : [ "Lepelletier has recorded the following effects of to of a gramme of Brucinum. Sudden jerking, especially of lower extremities, spreading generally but not accompanied by trismus and tetanus, and not extending to Oesophagus and pharynx as with Strychnia. Twitching in the paralysed as well as healthy muscles. A fever of short duration ends the attacks; after which deep sleep comes on." ]
  }
}