{
  "remedyName" : "Castor Equi",
  "remedyAlternativeNames" : "",
  "categories" : {
    "Clinical" : [ "Coccygodynia. Epilepsy. Nails, affections of. Nipples, cracked; ulcerated. Warts." ],
    "Characteristics" : [ "This is a very ancient remedy, and was proved and introduced into homoeopathy by Hering. It especially acts on the nipples, the nails, and bones, especially causing pains in right tibia and coccyx. Burnett has cured with it a case of wart on forehead." ],
    "Relations" : [ "Hep. relieves the sore nipples; Thuja has removed warts caused by Cast. eq. Compare: Calc. oxal., Hippoman., Castoreum, Moschus." ],
    "Mind" : [ "Unusual laughter about things not funny." ],
    "Head" : [ "Vertigo, headache, and nausea in mornings, sour stomach, and lack of appetite." ],
    "Appetite" : [ "Desire, to smoke tobacco." ],
    "Abdomen and Stool" : [ "Colic with urging wakes him in the morning, followed by a very thin, watery, somewhat burning stool; with passage of offensive flatus.", "Pain in l. inguinal region." ],
    "Female Sexual Organs" : [ "Cracked, sore nipples in nursing women, excessively tender, cannot bear touch of clothing; even in neglected cases, ragged, nipples almost hanging.", "Breasts swollen, sensitive; itching internally, painful on descending stairs." ],
    "Respiratory Organs" : [ "Disagreeable sick feeling in larynx." ],
    "Heart" : [ "Peculiar sensation about heart as of something alive struggling." ],
    "Back" : [ "Weak spine.", "Pain in coccyx < every evening while sitting." ],
    "Lower Limbs" : [ "Repeated pain in r. tibia." ],
    "Generalities" : [ "Syncope.", "Epilepsy." ],
    "Skin" : [ "Warts.", "Nails drop off.", "Brittle nails." ]
  }
}