{
  "remedyName" : "Cheiranthus Cheiri",
  "remedyAlternativeNames" : "",
  "categories" : {
    "Clinical" : [ "Deafness. Wisdom-teeth, effects of cutting." ],
    "Characteristics" : [ "Our knowledge of the medicinal use of Cheiranth. is due to Dr. Cooper. The cases cured with it are as follows: (1) Young man, deafness and Otorrhoea left side. Is cutting three wisdom teeth. Cured by two doses of O given at six weeks' interval. (2) Girl, deaf after measles, cutting wisdom teeth. Greatly improved. (3) Girl, used to taking purgative pills, had pain in lower back, jaundiced appearance, bilious feeling, sickness of stomach. Cheir. ch. removed the symptoms at once. Cooper considers as a keynote of the remedy, \"Nose stopped at night from irritation of cutting wisdom teeth.\"" ],
    "Relations" : [ "Compare: (Botan.) Armor., Sinap., Brassica, Raphan. (wisdom teeth) Mag. c., Fer. pic." ],
    "Causation" : [ "Cutting wisdom teeth." ]
  }
}