{
  "remedyName" : "Cupressus Lawsoniana",
  "remedyAlternativeNames" : "",
  "categories" : {
    "Clinical" : [ "Keloid. Tumours. Warts." ],
    "Characteristics" : [ "Cupress. L. has been proved in a fragmentary way by Burnett, who had to relinquish the proving on account of the \"terrible pains it caused in the stomach.\" He concludes from his experience that the action is very like that of Thuja, and he has successfully used it as a variant of that remedy and of Sabina in the cure of tumours: cocks-comb growth in the mouth; lipoma of thigh; keloid." ]
  }
}