{
  "remedyName" : "Gaultheria",
  "remedyAlternativeNames" : "",
  "categories" : {
    "Clinical" : [ "Gastritis. Neuralgia. Pleurodynia. Rheumatism. Sciatica." ],
    "Characteristics" : [ "Several cases of poisoning with the oil have been recorded in which symptoms of acute gastritis appeared: prolonged vomiting, set up afresh by the least thing taken, as a cup of water; severe pain in epigastrium, slow, laborious breathing, insensibility and hot skin. Inhalation of Ammonia aroused the patients from stupor. B. F. Lang (H. R., ix. 340) has related his experience with material doses in", "ciliary neuralgia; facial neuralgia; gastric, ovarian, uterine, and menstrual neuralgias; sciatica; and inflammatory rheumatism." ],
    "Relations" : [ "Compare: Bry., Rhus, Salol., Nat. salicyl., Kalmia, Ledum." ],
    "Mind" : [ "Very stupid soon." ],
    "Ears" : [ "Marked dulness of hearing." ],
    "Throat" : [ "Tongue dry, smooth, and slightly swollen; speech rather indistinct from the swelling." ],
    "Stomach" : [ "Inordinate, uncontrollable appetite for food, notwithstanding irritability of stomach; everything taken, even cold water, is immediately rejected.", "Very severe pain in epigastrium and inferior part of the hypochondria, greatly < by pressure of finger." ],
    "Respiratory Organs" : [ "Pleurodynia with pain in anterior mediastinum." ]
  }
}