{
  "remedyName" : "Helleborus Orientalis",
  "remedyAlternativeNames" : "",
  "categories" : {
    "Clinical" : [ "Diarrhoea. Indigestion. Salivation." ],
    "Characteristics" : [ "This was proved by V. Schroff on Lederer, and produced symptoms like those of the other Hellebores. These are peculiar: Accumulation of water in the mouth with clean tongue. Bad taste, with clean tongue. Prostration, exhaustion, and disinclination to work; burning in stomach; diarrhoea. The symptoms were > by coffee." ],
    "Head" : [ "Heaviness; fulness; headache." ],
    "Mouth" : [ "Accumulation of water in mouth; with clean tongue.", "Bad taste with clean tongue." ],
    "Stomach" : [ "Loss of appetite.", "Eructations.", "Hiccough.", "Nausea.", "Burning, extending from stomach to lower portion of oesophagus.", "Epigastric region: Feeling of fulness with inclination to vomit; slight burning, afterwards extending to intestines, followed by pressure in stomach." ],
    "Abdomen and Stool" : [ "Frequent rumbling along bowels, in morning on waking, soon followed by four liquid stools in succession.", "Pain esp. in region of l. transverse colon." ],
    "Urinary Organs" : [ "Urine more profuse and paler than usual." ],
    "Pulse" : [ "Pulse more frequent, body warmer.", "Pulse slowed." ]
  }
}