{
  "remedyName" : "Homeria",
  "remedyAlternativeNames" : "",
  "categories" : {
    "Clinical" : [ "Collapse. Constipation. Vomiting." ],
    "Characteristics" : [ "Homeria is a violent narcotico-acrid poison very like Colchicum in its effects. A Malay woman, with her three grandchildren, aet. and ate a small basinful of the bulbs with their supper (between and p.m.). About a.m. the woman woke with severe nausea and vomiting, and found the children similarly affected. She tried to call for help, but found herself too weak to leave her bed, and when by five o'clock assistance arrived the eldest girl was found moribund and expired almost immediately. The boy of died an hour later. The youngest child was found in collapse, almost insensible, cold extremities, pulse scarcely So and irregular, pupils much dilated. The grandmother's symptoms were similar, but lesser in degree, accompanied by constant efforts at vomiting. By using diffusible stimulants she and the child eventually recovered. Obstinate constipation prevailed." ]
  }
}